B_D_0_0,0,0,0,0,0,0,0,0,0,0,0,0,0,0,0,0,0,0
B_D_8_1,0,0,0,0,0,0,0,0,0,0,0,0,0,0,0,1,0,0
B_D_8_2,0,0,0,0,0,0,0,0,0,0,0,0,0,1,0,0,0,0
B_D_8_3,0,0,0,0,0,0,0,0,1,0,0,0,0,1,0,0,0,0
B_D_8_4,0,0,0,0,0,1,0,0,0,0,0,0,0,1,0,0,0,0
B_D_8_5,0,0,0,0,0,0,0,0,1,0,0,0,0,1,0,0,0,0
B_D_8_6,0,0,0,0,0,0,0,0,0,0,1,1,0,1,0,0,0,0
B_D_8_7,0,0,0,0,0,0,0,0,0,0,0,0,0,0,0,0,0,1
B_D_8_8,0,0,0,0,0,0,0,0,0,0,0,0,0,1,0,0,0,0
B_D_8_9,0,0,0,0,0,0,0,0,0,0,0,0,0,1,0,0,0,0
B_D_8_10,0,0,0,0,0,0,0,0,0,0,0,0,0,1,0,0,0,0
B_D_15_1,0,0,0,0,0,0,0,0,0,0,0,0,0,1,0,0,0,0
B_D_15_2,0,0,0,0,0,0,0,1,0,0,0,0,0,1,0,0,0,0
B_D_15_3,0,0,0,0,0,0,0,0,0,0,0,0,1,1,0,0,0,0
B_D_15_4,0,0,0,0,0,0,0,0,0,0,0,0,1,1,0,0,0,0
B_D_15_5,0,0,0,0,0,0,0,0,0,0,0,0,1,1,0,0,0,0
B_D_15_6,0,0,0,0,0,0,0,0,0,0,0,0,1,1,0,0,0,0
B_D_15_7,0,0,1,0,0,0,0,0,0,0,0,0,1,1,0,0,0,0
B_D_15_8,0,0,0,0,0,0,0,0,0,0,0,0,1,1,0,0,0,0
B_D_15_9,0,0,0,0,0,0,0,0,0,0,0,0,1,1,0,0,0,0
B_D_15_10,0,0,0,0,0,0,0,0,0,0,0,0,1,1,0,0,0,0
B_D_22_1,0,0,0,0,0,0,0,0,0,0,0,0,1,1,0,0,0,0
B_D_22_2,0,0,0,0,0,0,0,0,0,0,0,0,1,1,0,0,0,0
B_D_22_3,0,0,0,0,0,0,0,0,0,0,0,0,1,1,0,0,0,0
B_D_22_4,0,0,0,0,0,0,0,0,0,0,0,0,1,1,0,0,0,0
B_D_22_5,0,0,0,0,0,0,0,0,0,0,0,0,1,1,0,0,0,0
B_D_22_6,0,0,0,0,0,0,0,0,0,0,0,0,1,1,0,0,0,0
B_D_22_7,0,0,0,0,0,0,0,0,0,0,0,0,1,1,0,0,0,0
B_D_22_8,0,0,0,0,0,0,0,0,0,0,0,0,1,1,0,0,0,0
B_D_22_9,0,0,0,0,0,0,0,0,0,0,0,0,1,1,0,0,0,0
B_D_22_10,0,0,0,0,0,0,0,0,0,0,0,0,1,1,0,0,0,0
B_D_28_1,0,0,0,0,0,0,0,0,0,0,0,0,1,1,0,0,0,0
B_D_28_2,0,1,0,0,0,0,0,0,0,0,0,0,0,1,0,0,0,0
B_D_28_3,0,0,0,0,0,0,0,0,0,0,0,0,1,1,0,0,0,0
B_D_28_4,0,0,0,0,0,0,0,0,0,1,0,0,1,1,0,0,0,0
B_D_28_5,0,0,0,0,0,0,0,0,0,0,0,0,1,1,0,0,0,0
B_D_28_6,1,0,0,0,0,0,1,0,0,0,0,0,0,0,1,0,0,0
B_D_28_7,0,0,0,0,0,0,0,0,0,0,0,0,1,1,0,0,0,0
B_D_28_8,1,0,0,1,0,0,1,0,0,0,0,0,0,0,1,0,0,0
B_D_28_9,0,0,0,0,0,0,0,0,0,0,0,0,0,1,0,0,0,0
B_D_28_10,0,0,0,0,1,0,0,0,0,0,0,0,1,1,0,0,0,0
B_D_37_1,1,0,0,0,0,0,1,0,0,0,0,0,0,0,1,0,0,0
B_D_37_2,1,0,0,0,0,0,1,0,0,0,0,0,0,0,1,0,1,0
B_D_37_3,1,0,0,0,0,0,1,0,0,0,0,0,0,0,1,0,1,0
B_D_37_4,1,0,0,0,0,0,1,0,0,0,0,0,0,0,1,0,1,0
B_D_37_5,1,0,0,0,0,0,1,0,0,0,0,0,0,0,1,0,1,0
B_D_37_6,1,0,0,0,0,0,1,0,0,0,0,0,0,0,1,0,1,0
B_D_37_7,0,0,0,0,0,0,0,0,0,0,0,0,0,1,0,0,0,0
B_D_37_8,1,0,0,0,0,0,1,0,0,0,0,0,0,0,1,0,1,0
B_D_37_9,0,0,0,0,0,0,0,0,0,0,0,0,1,1,0,0,0,0
B_D_37_10,1,0,0,0,0,0,1,0,0,0,0,0,0,0,1,0,1,0